Workbook

Sheet Facilities
A1: facility_name | B1: operator | C1: operator_family | D1: city | E1: state | F1: cea_grid_region | G1: capacity_mw | H1: capacity_basis | I1: status | J1: area_sqft | K1: confidence | L1: source_url | M1: notes | N1: op_capacity_mw
A2: CtrlS Mumbai DC1/DC2 (Nine Zone) | B2: CtrlS | C2: CtrlS | D2: Mumbai | E2: Maharashtra | F2: Western | G2: 40 | H2: combined | I2: Operational | K2: Med | L2: https://www.ctrls.com/datacenters-in-india/ | M2: Combined DC1+DC2 disclosed | N2: =IF(AND(I2="Operational",OR(H2="operational_IT",H2="operational_critical",H2="operational_total",H2="combined")),G2,"") -> 40
A3: CtrlS Mumbai DC3 | B3: CtrlS | C3: CtrlS | D3: Mumbai | E3: Maharashtra | F3: Western | G3: 10 | H3: operational_total | I3: Operational | K3: Med | L3: https://www.ctrls.com/datacenters-in-india/ | N3: =IF(AND(I3="Operational",OR(H3="operational_IT",H3="operational_critical",H3="operational_total",H3="combined")),G3,"") -> 10
A4: CtrlS Mumbai DC4 | B4: CtrlS | C4: CtrlS | D4: Mumbai | E4: Maharashtra | F4: Western | G4: 36.8 | H4: operational_total | I4: Operational | J4: 265000 | K4: High | L4: https://baxtel.com/data-centers/ctrls-datacenters-ltd | M4: 2936 racks corroborated | N4: =IF(AND(I4="Operational",OR(H4="operational_IT",H4="operational_critical",H4="operational_total",H4="combined")),G4,"") -> 36.8
A5: CtrlS Mumbai DC5 | B5: CtrlS | C5: CtrlS | D5: Mumbai | E5: Maharashtra | F5: Western | G5: 32 | H5: operational_total | I5: Operational | J5: 228482 | K5: High | L5: https://baxtel.com/data-centers/ctrls-datacenters-ltd | M5: 2750 racks corroborated | N5: =IF(AND(I5="Operational",OR(H5="operational_IT",H5="operational_critical",H5="operational_total",H5="combined")),G5,"") -> 32
A6: CtrlS Navi Mumbai DC6/DC7 | B6: CtrlS | C6: CtrlS | D6: Navi Mumbai | E6: Maharashtra | F6: Western | G6: 95 | H6: planned | I6: Under-construction | K6: Med | L6: https://www.ctrls.com/datacenters-in-india/ | M6: Combined planned | N6: =IF(AND(I6="Operational",OR(H6="operational_IT",H6="operational_critical",H6="operational_total",H6="combined")),G6,"")
A7: CtrlS Hyderabad DC1 | B7: CtrlS | C7: CtrlS | D7: Hyderabad | E7: Telangana | F7: Southern | G7: 6 | H7: operational_total | I7: Operational | J7: 191749 | K7: Med | L7: https://www.ctrls.com/datacenters-in-india/ | N7: =IF(AND(I7="Operational",OR(H7="operational_IT",H7="operational_critical",H7="operational_total",H7="combined")),G7,"") -> 6
A8: CtrlS Hyderabad DC2 | B8: CtrlS | C8: CtrlS | D8: Hyderabad | E8: Telangana | F8: Southern | G8: 7.4 | H8: operational_total | I8: Operational | J8: 82262 | K8: Med | L8: https://www.ctrls.com/datacenters-in-india/ | N8: =IF(AND(I8="Operational",OR(H8="operational_IT",H8="operational_critical",H8="operational_total",H8="combined")),G8,"") -> 7.4
A9: CtrlS Hyderabad DC3 | B9: CtrlS | C9: CtrlS | D9: Hyderabad | E9: Telangana | F9: Southern | G9: 13 | H9: operational_total | I9: Operational | J9: 130000 | K9: Med | L9: https://www.ctrls.com/datacenters-in-india/ | N9: =IF(AND(I9="Operational",OR(H9="operational_IT",H9="operational_critical",H9="operational_total",H9="combined")),G9,"") -> 13
A10: CtrlS Chandan Valley Campus | B10: CtrlS | C10: CtrlS | D10: Hyderabad | E10: Telangana | F10: Southern | H10: planned | I10: Announced | J10: 1612700 | K10: Low | L10: https://www.datacenterdynamics.com/en/news/ctrls-to-build-40-acre-data-center-campus-near-hyderabad-india/ | M10: 6 buildings planned | N10: =IF(AND(I10="Operational",OR(H10="operational_IT",H10="operational_critical",H10="operational_total",H10="combined")),G10,"")
A11: CtrlS Chennai DC2 | B11: CtrlS | C11: CtrlS | D11: Chennai | E11: Tamil Nadu | F11: Southern | H11: unknown | I11: Operational | J11: 290000 | K11: Med | L11: https://baxtel.com/data-centers/ctrls-datacenters-ltd | N11: =IF(AND(I11="Operational",OR(H11="operational_IT",H11="operational_critical",H11="operational_total",H11="combined")),G11,"")
A12: CtrlS Chennai DC Park | B12: CtrlS | C12: CtrlS | D12: Chennai | E12: Tamil Nadu | F12: Southern | H12: park | I12: Operational | J12: 1000000 | K12: Med | L12: https://baxtel.com/data-centers/ctrls-datacenters-ltd | M12: Campus total sqft | N12: =IF(AND(I12="Operational",OR(H12="operational_IT",H12="operational_critical",H12="operational_total",H12="combined")),G12,"")
A13: CtrlS Chennai DC3 | B13: CtrlS | C13: CtrlS | D13: Chennai | E13: Tamil Nadu | F13: Southern | H13: unknown | I13: Announced | K13: Low | L13: https://baxtel.com/data-centers/ctrls-datacenters-ltd | M13: Single directory source | N13: =IF(AND(I13="Operational",OR(H13="operational_IT",H13="operational_critical",H13="operational_total",H13="combined")),G13,"")
A14: CtrlS Noida DC1 | B14: CtrlS | C14: CtrlS | D14: Noida | E14: Uttar Pradesh | F14: Northern | H14: unknown | I14: Operational | K14: Med | L14: https://www.ctrls.com/datacenter-noida/ | N14: =IF(AND(I14="Operational",OR(H14="operational_IT",H14="operational_critical",H14="operational_total",H14="combined")),G14,"")
A15: CtrlS Bangalore DC1 | B15: CtrlS | C15: CtrlS | D15: Bengaluru | E15: Karnataka | F15: Southern | H15: unknown | I15: Operational | K15: Med | L15: https://www.ctrls.com/datacenter-bangalore/ | N15: =IF(AND(I15="Operational",OR(H15="operational_IT",H15="operational_critical",H15="operational_total",H15="combined")),G15,"")
A16: CtrlS Kolkata DC1 | B16: CtrlS | C16: CtrlS | D16: Kolkata | E16: West Bengal | F16: Eastern | H16: unknown | I16: Operational | K16: Med | L16: https://www.businessworld.in/article/ctrls-opens-kolkata-data-centre-567186 | N16: =IF(AND(I16="Operational",OR(H16="operational_IT",H16="operational_critical",H16="operational_total",H16="combined")),G16,"")
A17: CtrlS Kolkata Campus | B17: CtrlS | C17: CtrlS | D17: Kolkata | E17: West Bengal | F17: Eastern | G17: 60 | H17: planned | I17: Announced | K17: Med | L17: https://www.datacenterdynamics.com/en/news/indias-ctrls-datacenters-to-build-data-center-campus-in-kolkata/ | M17: Rs2200cr | N17: =IF(AND(I17="Operational",OR(H17="operational_IT",H17="operational_critical",H17="operational_total",H17="combined")),G17,"")
A18: CtrlS Patna Edge DC1 | B18: CtrlS | C18: CtrlS | D18: Patna | E18: Bihar | F18: Eastern | G18: 0.5 | H18: operational_total | I18: Operational | K18: Med | L18: https://www.ctrls.com/datacenters-in-india/ | N18: =IF(AND(I18="Operational",OR(H18="operational_IT",H18="operational_critical",H18="operational_total",H18="combined")),G18,"") -> 0.5
A19: CtrlS Patna Edge DC2 | B19: CtrlS | C19: CtrlS | D19: Patna | E19: Bihar | F19: Eastern | G19: 11.6 | H19: operational_total | I19: Operational | K19: Med | L19: https://www.ctrls.com/datacenters-in-india/ | N19: =IF(AND(I19="Operational",OR(H19="operational_IT",H19="operational_critical",H19="operational_total",H19="combined")),G19,"") -> 11.6
A20: CtrlS Lucknow Edge DC | B20: CtrlS | C20: CtrlS | D20: Lucknow | E20: Uttar Pradesh | F20: Northern | G20: 0.2 | H20: operational_total | I20: Operational | K20: Med | L20: https://www.ctrls.com/datacenters-in-india/ | N20: =IF(AND(I20="Operational",OR(H20="operational_IT",H20="operational_critical",H20="operational_total",H20="combined")),G20,"") -> 0.2
A21: CtrlS Ahmedabad Edge DC | B21: CtrlS | C21: CtrlS | D21: Ahmedabad | E21: Gujarat | F21: Western | G21: 9.2 | H21: operational_total | I21: Operational | K21: Med | L21: https://www.ctrls.com/datacenters-in-india/ | N21: =IF(AND(I21="Operational",OR(H21="operational_IT",H21="operational_critical",H21="operational_total",H21="combined")),G21,"") -> 9.2
A22: CtrlS GIFT City DC | B22: CtrlS | C22: CtrlS | D22: Gandhinagar | E22: Gujarat | F22: Western | H22: planned | I22: Under-construction | K22: Med | L22: https://www.datacenterdynamics.com/en/news/ctrls-breaks-ground-on-data-center-in-gujarat-india-to-invest-30m-in-project/ | M22: $30M | N22: =IF(AND(I22="Operational",OR(H22="operational_IT",H22="operational_critical",H22="operational_total",H22="combined")),G22,"")
A23: CtrlS Bhopal DC | B23: CtrlS | C23: CtrlS | D23: Bhopal | E23: Madhya Pradesh | F23: Western | H23: planned | I23: Announced | K23: Med | L23: https://telecomtalk.info/ctrls-invest-rs500-crore-greenfield-datacentre-bhopal/993442/ | M23: Rs500cr | N23: =IF(AND(I23="Operational",OR(H23="operational_IT",H23="operational_critical",H23="operational_total",H23="combined")),G23,"")
A24: CtrlS Guwahati DC | B24: CtrlS | C24: CtrlS | D24: Guwahati | E24: Assam | F24: North-Eastern | H24: planned | I24: Under-construction | K24: Med | L24: https://www.datacenterdynamics.com/en/news/ctrls-breaks-ground-on-new-data-center-in-guwahati-assam/ | N24: =IF(AND(I24="Operational",OR(H24="operational_IT",H24="operational_critical",H24="operational_total",H24="combined")),G24,"")
A25: CtrlS Bhubaneswar Edge | B25: CtrlS | C25: CtrlS | D25: Bhubaneswar | E25: Odisha | F25: Eastern | H25: unknown | I25: Announced | K25: Low | L25: https://baxtel.com/data-centers/ctrls-datacenters-ltd | M25: Single source | N25: =IF(AND(I25="Operational",OR(H25="operational_IT",H25="operational_critical",H25="operational_total",H25="combined")),G25,"")
A26: CtrlS Kochi Edge | B26: CtrlS | C26: CtrlS | D26: Kochi | E26: Kerala | F26: Southern | H26: unknown | I26: Announced | K26: Low | L26: https://baxtel.com/data-centers/ctrls-datacenters-ltd | M26: Single source | N26: =IF(AND(I26="Operational",OR(H26="operational_IT",H26="operational_critical",H26="operational_total",H26="combined")),G26,"")
A27: Yotta NM1 | B27: Yotta | C27: Yotta | D27: Navi Mumbai | E27: Maharashtra | F27: Western | G27: 52 | H27: operational_IT | I27: Operational | K27: High | L27: https://yotta.com/ | M27: ~7000 racks | N27: =IF(AND(I27="Operational",OR(H27="operational_IT",H27="operational_critical",H27="operational_total",H27="combined")),G27,"") -> 52
A28: Yotta NM2 | B28: Yotta | C28: Yotta | D28: Navi Mumbai | E28: Maharashtra | F28: Western | H28: planned | I28: Under-construction | K28: Med | L28: https://colocation.yotta.com/data-center/ | M28: Core and shell ready | N28: =IF(AND(I28="Operational",OR(H28="operational_IT",H28="operational_critical",H28="operational_total",H28="combined")),G28,"")
A29: Yotta D1 Shakti (Greater Noida) | B29: Yotta | C29: Yotta | D29: Greater Noida | E29: Uttar Pradesh | F29: Northern | G29: 30 | H29: operational_total | I29: Operational | J29: 300000 | K29: High | L29: https://www.datacenterdynamics.com/en/news/yotta-launches-data-center-in-noida-india/ | M29: 5000 racks | N29: =IF(AND(I29="Operational",OR(H29="operational_IT",H29="operational_critical",H29="operational_total",H29="combined")),G29,"") -> 30
A30: Yotta G1 (GIFT City) | B30: Yotta | C30: Yotta | D30: Gandhinagar | E30: Gujarat | F30: Western | G30: 2 | H30: operational_total | I30: Operational | J30: 21000 | K30: High | L30: https://colocation.yotta.com/data-center/ | M30: 350 racks | N30: =IF(AND(I30="Operational",OR(H30="operational_IT",H30="operational_critical",H30="operational_total",H30="combined")),G30,"") -> 2
A31: Yotta Chennai DC Park | B31: Yotta | C31: Yotta | D31: Chennai | E31: Tamil Nadu | F31: Southern | G31: 140 | H31: planned | I31: Under-construction | K31: Med | L31: https://colocation.yotta.com/data-center/ | M31: 25000 racks planned | N31: =IF(AND(I31="Operational",OR(H31="operational_IT",H31="operational_critical",H31="operational_total",H31="combined")),G31,"")
A32: Sify Mumbai 01 (Vashi) | B32: Sify | C32: Sify | D32: Navi Mumbai | E32: Maharashtra | F32: Western | H32: unknown | I32: Operational | K32: Med | L32: https://baxtel.com/data-centers/sify-technologies | N32: =IF(AND(I32="Operational",OR(H32="operational_IT",H32="operational_critical",H32="operational_total",H32="combined")),G32,"")
A33: Sify Mumbai 02 (Airoli) | B33: Sify | C33: Sify | D33: Navi Mumbai | E33: Maharashtra | F33: Western | H33: unknown | I33: Operational | K33: Med | L33: https://baxtel.com/data-centers/sify-technologies | M33: 1345 racks | N33: =IF(AND(I33="Operational",OR(H33="operational_IT",H33="operational_critical",H33="operational_total",H33="combined")),G33,"")
A34: Sify Rabale DC Park (Mumbai 03) | B34: Sify | C34: Sify | D34: Navi Mumbai | E34: Maharashtra | F34: Western | G34: 85 | H34: operational_IT | I34: Operational | K34: High | L34: https://www.sifytechnologies.com/data-center/rabale-data-center/ | M34: 5 towers live; low end of 85-97 range; scaling to 185+ | N34: =IF(AND(I34="Operational",OR(H34="operational_IT",H34="operational_critical",H34="operational_total",H34="combined")),G34,"") -> 85
A35: Sify Noida 01 | B35: Sify | C35: Sify | D35: Noida | E35: Uttar Pradesh | F35: Northern | H35: unknown | I35: Operational | K35: Med | L35: https://baxtel.com/data-centers/sify-technologies | M35: 2100 racks | N35: =IF(AND(I35="Operational",OR(H35="operational_IT",H35="operational_critical",H35="operational_total",H35="combined")),G35,"")
A36: Sify Noida 02 Campus | B36: Sify | C36: Sify | D36: Noida | E36: Uttar Pradesh | F36: Northern | G36: 25.92 | H36: operational_IT | I36: Operational | K36: High | L36: https://www.sifytechnologies.com/data-center/noida02-data-center/ | M36: Campus target 78MW | N36: =IF(AND(I36="Operational",OR(H36="operational_IT",H36="operational_critical",H36="operational_total",H36="combined")),G36,"") -> 25.92
A37: Sify Bangalore 01 | B37: Sify | C37: Sify | D37: Bengaluru | E37: Karnataka | F37: Southern | H37: unknown | I37: Operational | K37: Med | L37: https://baxtel.com/data-centers/sify-technologies | M37: 600+ racks | N37: =IF(AND(I37="Operational",OR(H37="operational_IT",H37="operational_critical",H37="operational_total",H37="combined")),G37,"")
A38: Sify Bangalore 02 | B38: Sify | C38: Sify | D38: Bengaluru | E38: Karnataka | F38: Southern | H38: planned | I38: Announced | K38: Low | L38: https://baxtel.com/data-centers/sify-technologies | N38: =IF(AND(I38="Operational",OR(H38="operational_IT",H38="operational_critical",H38="operational_total",H38="combined")),G38,"")
A39: Sify Hyderabad 1 | B39: Sify | C39: Sify | D39: Hyderabad | E39: Telangana | F39: Southern | H39: unknown | I39: Operational | K39: Med | L39: https://baxtel.com/data-centers/sify-technologies | M39: 2400 racks | N39: =IF(AND(I39="Operational",OR(H39="operational_IT",H39="operational_critical",H39="operational_total",H39="combined")),G39,"")
A40: Sify Hyderabad 2 Campus | B40: Sify | C40: Sify | D40: Hyderabad | E40: Telangana | F40: Southern | G40: 250 | H40: planned | I40: Announced | K40: Low | L40: https://baxtel.com/data-centers/sify-technologies | N40: =IF(AND(I40="Operational",OR(H40="operational_IT",H40="operational_critical",H40="operational_total",H40="combined")),G40,"")
A41: Sify Chennai 01 | B41: Sify | C41: Sify | D41: Chennai | E41: Tamil Nadu | F41: Southern | H41: unknown | I41: Operational | K41: Med | L41: https://baxtel.com/data-centers/sify-technologies | M41: 800+ racks | N41: =IF(AND(I41="Operational",OR(H41="operational_IT",H41="operational_critical",H41="operational_total",H41="combined")),G41,"")
A42: Sify Chennai Campus (Siruseri) | B42: Sify | C42: Sify | D42: Chennai | E42: Tamil Nadu | F42: Southern | H42: unknown | I42: Operational | K42: Med | L42: https://www.deccanherald.com/india/tamil-nadu/m-k-stalin-inaugurates-rs-1882-cr-sify-data-center-campus-3497854 | M42: Rs1882cr; may overlap directory Chennai 02 | N42: =IF(AND(I42="Operational",OR(H42="operational_IT",H42="operational_critical",H42="operational_total",H42="combined")),G42,"")
A43: Sify Kolkata | B43: Sify | C43: Sify | D43: Kolkata | E43: West Bengal | F43: Eastern | H43: unknown | I43: Operational | K43: Med | L43: https://baxtel.com/data-centers/sify-technologies | M43: 400+ racks | N43: =IF(AND(I43="Operational",OR(H43="operational_IT",H43="operational_critical",H43="operational_total",H43="combined")),G43,"")
A44: Sify Visakhapatnam Campus | B44: Sify | C44: Sify | D44: Visakhapatnam | E44: Andhra Pradesh | F44: Southern | H44: unknown | I44: Under-construction | K44: Low | L44: https://baxtel.com/data-centers/sify-technologies | N44: =IF(AND(I44="Operational",OR(H44="operational_IT",H44="operational_critical",H44="operational_total",H44="combined")),G44,"")
A45: Sify Chandigarh | B45: Sify | C45: Sify | D45: Chandigarh | E45: Chandigarh | F45: Northern | H45: unknown | I45: Announced | K45: Low | L45: https://baxtel.com/data-centers/sify-technologies | N45: =IF(AND(I45="Operational",OR(H45="operational_IT",H45="operational_critical",H45="operational_total",H45="combined")),G45,"")
A46: Sify Lucknow | B46: Sify | C46: Sify | D46: Lucknow | E46: Uttar Pradesh | F46: Northern | H46: unknown | I46: Announced | K46: Low | L46: https://baxtel.com/data-centers/sify-technologies | N46: =IF(AND(I46="Operational",OR(H46="operational_IT",H46="operational_critical",H46="operational_total",H46="combined")),G46,"")
A47: Sify Nagpur | B47: Sify | C47: Sify | D47: Nagpur | E47: Maharashtra | F47: Western | H47: unknown | I47: Announced | K47: Low | L47: https://baxtel.com/data-centers/sify-technologies | N47: =IF(AND(I47="Operational",OR(H47="operational_IT",H47="operational_critical",H47="operational_total",H47="combined")),G47,"")
A48: Iron Mountain MUM-1 (Rabale) | B48: Iron Mountain | C48: Web Werks / Iron Mountain JV | D48: Navi Mumbai | E48: Maharashtra | F48: Western | G48: 2.3 | H48: operational_total | I48: Operational | J48: 50000 | K48: High | L48: https://www.ironmountain.com/data-centers/locations/mumbai-data-center | M48: ex-Web Werks | N48: =IF(AND(I48="Operational",OR(H48="operational_IT",H48="operational_critical",H48="operational_total",H48="combined")),G48,"") -> 2.3
A49: Iron Mountain MUM-2 (Rabale) | B49: Iron Mountain | C49: Web Werks / Iron Mountain JV | D49: Navi Mumbai | E49: Maharashtra | F49: Western | G49: 6.3 | H49: operational_IT | I49: Operational | J49: 110631 | K49: High | L49: https://www.ironmountain.com/data-centers/locations/mumbai-data-center | M49: ex-Web Werks | N49: =IF(AND(I49="Operational",OR(H49="operational_IT",H49="operational_critical",H49="operational_total",H49="combined")),G49,"") -> 6.3
A50: Iron Mountain MUM-3 | B50: Iron Mountain | C50: Web Werks / Iron Mountain JV | D50: Navi Mumbai | E50: Maharashtra | F50: Western | G50: 85 | H50: planned | I50: Under-construction | K50: High | L50: https://www.ironmountain.com/data-centers/locations/mumbai-data-center | M50: Target 2027-28 | N50: =IF(AND(I50="Operational",OR(H50="operational_IT",H50="operational_critical",H50="operational_total",H50="combined")),G50,"")
A51: Iron Mountain BLR-1 | B51: Iron Mountain | C51: Web Werks / Iron Mountain JV | D51: Bengaluru | E51: Karnataka | F51: Southern | G51: 4 | H51: operational_total | I51: Operational | K51: Med | L51: https://baxtel.com/data-centers/web-werks | M51: ex-Web Werks | N51: =IF(AND(I51="Operational",OR(H51="operational_IT",H51="operational_critical",H51="operational_total",H51="combined")),G51,"") -> 4
A52: Iron Mountain HYD-1 | B52: Iron Mountain | C52: Web Werks / Iron Mountain JV | D52: Hyderabad | E52: Telangana | F52: Southern | G52: 5.6 | H52: operational_total | I52: Operational | K52: Med | L52: https://baxtel.com/data-centers/web-werks | M52: ex-Web Werks | N52: =IF(AND(I52="Operational",OR(H52="operational_IT",H52="operational_critical",H52="operational_total",H52="combined")),G52,"") -> 5.6
A53: Iron Mountain NCR-1 (Noida) | B53: Iron Mountain | C53: Web Werks / Iron Mountain JV | D53: Noida | E53: Uttar Pradesh | F53: Northern | G53: 12 | H53: operational_total | I53: Operational | J53: 69735 | K53: High | L53: https://www.ironmountain.com/data-centers/locations/delhi-ncr-data-center | N53: =IF(AND(I53="Operational",OR(H53="operational_IT",H53="operational_critical",H53="operational_total",H53="combined")),G53,"") -> 12
A54: Iron Mountain NCR-2 (Noida) | B54: Iron Mountain | C54: Web Werks / Iron Mountain JV | D54: Noida | E54: Uttar Pradesh | F54: Northern | G54: 2.8 | H54: operational_total | I54: Operational | J54: 103333 | K54: High | L54: https://www.ironmountain.com/data-centers/locations/delhi-ncr-data-center | N54: =IF(AND(I54="Operational",OR(H54="operational_IT",H54="operational_critical",H54="operational_total",H54="combined")),G54,"") -> 2.8
A55: Iron Mountain PUN-1 (Hinjewadi) | B55: Iron Mountain | C55: Web Werks / Iron Mountain JV | D55: Pune | E55: Maharashtra | F55: Western | G55: 2 | H55: operational_total | I55: Operational | J55: 38000 | K55: High | L55: https://www.ironmountain.com/data-centers/locations/apac/pune-data-center | N55: =IF(AND(I55="Operational",OR(H55="operational_IT",H55="operational_critical",H55="operational_total",H55="combined")),G55,"") -> 2
A56: Iron Mountain CHN-1 | B56: Iron Mountain | C56: Web Werks / Iron Mountain JV | D56: Chennai | E56: Tamil Nadu | F56: Southern | G56: 23.2 | H56: planned | I56: Under-construction | K56: High | L56: https://www.ironmountain.com/data-centers/locations/apac | M56: Target 2026 | N56: =IF(AND(I56="Operational",OR(H56="operational_IT",H56="operational_critical",H56="operational_total",H56="combined")),G56,"")
A57: Iron Mountain CHN-2 | B57: Iron Mountain | C57: Web Werks / Iron Mountain JV | D57: Chennai | E57: Tamil Nadu | F57: Southern | G57: 19 | H57: planned | I57: Announced | K57: High | L57: https://www.ironmountain.com/data-centers/locations/apac | M57: Target 2028 | N57: =IF(AND(I57="Operational",OR(H57="operational_IT",H57="operational_critical",H57="operational_total",H57="combined")),G57,"")
A58: ESDS Nashik DC | B58: ESDS | C58: ESDS | D58: Nashik | E58: Maharashtra | F58: Western | H58: unknown | I58: Operational | K58: Med | L58: https://www.esds.co.in/our-datacenter | N58: =IF(AND(I58="Operational",OR(H58="operational_IT",H58="operational_critical",H58="operational_total",H58="combined")),G58,"")
A59: ESDS Airoli DC | B59: ESDS | C59: ESDS | D59: Navi Mumbai | E59: Maharashtra | F59: Western | H59: unknown | I59: Operational | K59: Med | L59: https://www.esds.co.in/our-datacenter | N59: =IF(AND(I59="Operational",OR(H59="operational_IT",H59="operational_critical",H59="operational_total",H59="combined")),G59,"")
A60: ESDS STPI Bengaluru | B60: ESDS | C60: ESDS | D60: Bengaluru | E60: Karnataka | F60: Southern | H60: unknown | I60: Operational | K60: Med | L60: https://www.esds.co.in/our-datacenter | M60: At govt STPI premises | N60: =IF(AND(I60="Operational",OR(H60="operational_IT",H60="operational_critical",H60="operational_total",H60="combined")),G60,"")
A61: ESDS STPI Mohali | B61: ESDS | C61: ESDS | D61: Mohali | E61: Punjab | F61: Northern | H61: unknown | I61: Operational | K61: Med | L61: https://www.esds.co.in/our-datacenter | M61: At govt STPI premises | N61: =IF(AND(I61="Operational",OR(H61="operational_IT",H61="operational_critical",H61="operational_total",H61="combined")),G61,"")
A62: ESDS STPI Noida | B62: ESDS | C62: ESDS | D62: Noida | E62: Uttar Pradesh | F62: Northern | H62: unknown | I62: Operational | K62: Med | L62: https://www.esds.co.in/our-datacenter | M62: At govt STPI premises | N62: =IF(AND(I62="Operational",OR(H62="operational_IT",H62="operational_critical",H62="operational_total",H62="combined")),G62,"")
A63: ESDS STPI Kolkata | B63: ESDS | C63: ESDS | D63: Kolkata | E63: West Bengal | F63: Eastern | H63: unknown | I63: Announced | K63: Med | L63: https://www.esds.co.in/our-datacenter | N63: =IF(AND(I63="Operational",OR(H63="operational_IT",H63="operational_critical",H63="operational_total",H63="combined")),G63,"")
A64: ESDS CEL Ghaziabad | B64: ESDS | C64: ESDS | D64: Ghaziabad | E64: Uttar Pradesh | F64: Northern | H64: unknown | I64: Announced | K64: Med | L64: https://www.esds.co.in/our-datacenter | N64: =IF(AND(I64="Operational",OR(H64="operational_IT",H64="operational_critical",H64="operational_total",H64="combined")),G64,"")
A65: Pi Vijayawada/Amaravati Campus | B65: Pi Datacenters | C65: Pi Datacenters | D65: Mangalagiri | E65: Andhra Pradesh | F65: Southern | G65: 60 | H65: operational_IT | I65: Operational | J65: 500000 | K65: Med | L65: https://pidatacenters.com/about-pi | M65: Scalable to 120MW; low end of 60-70 | N65: =IF(AND(I65="Operational",OR(H65="operational_IT",H65="operational_critical",H65="operational_total",H65="combined")),G65,"") -> 60
A66: Pi Mumbai | B66: Pi Datacenters | C66: Pi Datacenters | D66: Mumbai | E66: Maharashtra | F66: Western | G66: 23 | H66: planned | I66: Under-construction | K66: Med | L66: https://baxtel.com/news/pi-data-centers-plans-23mw-mumbai-facility | M66: Phase1 3MW | N66: =IF(AND(I66="Operational",OR(H66="operational_IT",H66="operational_critical",H66="operational_total",H66="combined")),G66,"")
A67: Pi Kochi | B67: Pi Datacenters | C67: Pi Datacenters | D67: Kochi | E67: Kerala | F67: Southern | H67: unknown | I67: Operational | K67: Med | L67: https://www.datacenters.com/pi-kochi | N67: =IF(AND(I67="Operational",OR(H67="operational_IT",H67="operational_critical",H67="operational_total",H67="combined")),G67,"")
A68: Pi Hyderabad (Gachibowli) | B68: Pi Datacenters | C68: Pi Datacenters | D68: Hyderabad | E68: Telangana | F68: Southern | H68: unknown | I68: Uncertain | K68: Low | L68: https://datacenterhawk.com/marketplace/providers/pi-data-centers | M68: Possibly office not DC | N68: =IF(AND(I68="Operational",OR(H68="operational_IT",H68="operational_critical",H68="operational_total",H68="combined")),G68,"")
A69: NxtGen HDDC (Bidadi) | B69: NxtGen | C69: NxtGen | D69: Bengaluru Rural | E69: Karnataka | F69: Southern | G69: 20 | H69: operational_total | I69: Operational | K69: Med | L69: https://www.datacentermap.com/india/bangalore/nxtgen-hddc/ | N69: =IF(AND(I69="Operational",OR(H69="operational_IT",H69="operational_critical",H69="operational_total",H69="combined")),G69,"") -> 20
A70: NxtGen Infinite Bengaluru | B70: NxtGen | C70: NxtGen | D70: Bengaluru | E70: Karnataka | F70: Southern | H70: unknown | I70: Operational | K70: Med | L70: https://baxtel.com/data-center/nxtgen-infinite-bengaluru | M70: May share campus with HDDC | N70: =IF(AND(I70="Operational",OR(H70="operational_IT",H70="operational_critical",H70="operational_total",H70="combined")),G70,"")
A71: NxtGen Infinite Whitefield | B71: NxtGen | C71: NxtGen | D71: Bengaluru | E71: Karnataka | F71: Southern | H71: unknown | I71: Operational | K71: Med | L71: https://baxtel.com/data-center/nxtgen-infinite-bengaluru-whitefield | N71: =IF(AND(I71="Operational",OR(H71="operational_IT",H71="operational_critical",H71="operational_total",H71="combined")),G71,"")
A72: NxtGen Ahmedabad | B72: NxtGen | C72: NxtGen | D72: Ahmedabad | E72: Gujarat | F72: Western | H72: unknown | I72: Uncertain | K72: Low | L72: https://www.datacenterdynamics.com/en/news/nxtgen-raising-100-million/ | M72: Dated 2022 source | N72: =IF(AND(I72="Operational",OR(H72="operational_IT",H72="operational_critical",H72="operational_total",H72="combined")),G72,"")
A73: NxtGen Faridabad | B73: NxtGen | C73: NxtGen | D73: Faridabad | E73: Haryana | F73: Northern | H73: unknown | I73: Uncertain | K73: Low | L73: https://www.datacenterdynamics.com/en/news/nxtgen-raising-100-million/ | M73: Dated 2022 source | N73: =IF(AND(I73="Operational",OR(H73="operational_IT",H73="operational_critical",H73="operational_total",H73="combined")),G73,"")
A74: NxtGen Mumbai | B74: NxtGen | C74: NxtGen | D74: Mumbai | E74: Maharashtra | F74: Western | H74: unknown | I74: Uncertain | K74: Low | L74: https://www.datacenterdynamics.com/en/news/nxtgen-raising-100-million/ | M74: Dated 2022 source | N74: =IF(AND(I74="Operational",OR(H74="operational_IT",H74="operational_critical",H74="operational_total",H74="combined")),G74,"")
A75: Nxtra Chandivali (MUM1) | B75: Nxtra by Airtel | C75: Nxtra by Airtel | D75: Mumbai | E75: Maharashtra | F75: Western | G75: 4 | H75: operational_IT | I75: Operational | K75: High | L75: https://www.nxtra.in/data-center-mumbai | N75: =IF(AND(I75="Operational",OR(H75="operational_IT",H75="operational_critical",H75="operational_total",H75="combined")),G75,"") -> 4
A76: Nxtra Airoli (MUM2) | B76: Nxtra by Airtel | C76: Nxtra by Airtel | D76: Navi Mumbai | E76: Maharashtra | F76: Western | G76: 7 | H76: operational_IT | I76: Operational | K76: High | L76: https://www.nxtra.in/data-center-mumbai | N76: =IF(AND(I76="Operational",OR(H76="operational_IT",H76="operational_critical",H76="operational_total",H76="combined")),G76,"") -> 7
A77: Nxtra Mahape 1 (MUM3) | B77: Nxtra by Airtel | C77: Nxtra by Airtel | D77: Navi Mumbai | E77: Maharashtra | F77: Western | G77: 18 | H77: operational_IT | I77: Operational | K77: High | L77: https://www.nxtra.in/data-center-mumbai | N77: =IF(AND(I77="Operational",OR(H77="operational_IT",H77="operational_critical",H77="operational_total",H77="combined")),G77,"") -> 18
A78: Nxtra Mahape 2 (MUM4) | B78: Nxtra by Airtel | C78: Nxtra by Airtel | D78: Navi Mumbai | E78: Maharashtra | F78: Western | G78: 42 | H78: operational_IT | I78: Operational | K78: High | L78: https://www.nxtra.in/data-center-mumbai | N78: =IF(AND(I78="Operational",OR(H78="operational_IT",H78="operational_critical",H78="operational_total",H78="combined")),G78,"") -> 42
A79: Nxtra Kharadi (PUN1) | B79: Nxtra by Airtel | C79: Nxtra by Airtel | D79: Pune | E79: Maharashtra | F79: Western | G79: 4.5 | H79: operational_IT | I79: Operational | K79: High | L79: https://www.nxtra.in/data-center-pune | N79: =IF(AND(I79="Operational",OR(H79="operational_IT",H79="operational_critical",H79="operational_total",H79="combined")),G79,"") -> 4.5
A80: Nxtra Hinjewadi 1 (PUN2) | B80: Nxtra by Airtel | C80: Nxtra by Airtel | D80: Pune | E80: Maharashtra | F80: Western | G80: 17 | H80: operational_IT | I80: Operational | K80: High | L80: https://www.nxtra.in/data-center-pune | N80: =IF(AND(I80="Operational",OR(H80="operational_IT",H80="operational_critical",H80="operational_total",H80="combined")),G80,"") -> 17
A81: Nxtra Hinjewadi 2 (PUN3) | B81: Nxtra by Airtel | C81: Nxtra by Airtel | D81: Pune | E81: Maharashtra | F81: Western | G81: 4 | H81: operational_IT | I81: Operational | K81: High | L81: https://www.nxtra.in/data-center-pune | N81: =IF(AND(I81="Operational",OR(H81="operational_IT",H81="operational_critical",H81="operational_total",H81="combined")),G81,"") -> 4
A82: Nxtra Hinjewadi 3 (PUN4) | B82: Nxtra by Airtel | C82: Nxtra by Airtel | D82: Pune | E82: Maharashtra | F82: Western | G82: 24 | H82: operational_IT | I82: Operational | K82: High | L82: https://www.nxtra.in/data-center-pune | N82: =IF(AND(I82="Operational",OR(H82="operational_IT",H82="operational_critical",H82="operational_total",H82="combined")),G82,"") -> 24
A83: Nxtra Whitefield (BLR1) | B83: Nxtra by Airtel | C83: Nxtra by Airtel | D83: Bengaluru | E83: Karnataka | F83: Southern | G83: 5.4 | H83: operational_IT | I83: Operational | K83: High | L83: https://www.nxtra.in/data-center-bangalore | N83: =IF(AND(I83="Operational",OR(H83="operational_IT",H83="operational_critical",H83="operational_total",H83="combined")),G83,"") -> 5.4
A84: Nxtra Hoskote 1 (BLR2) | B84: Nxtra by Airtel | C84: Nxtra by Airtel | D84: Bengaluru | E84: Karnataka | F84: Southern | G84: 14 | H84: operational_IT | I84: Operational | K84: High | L84: https://www.nxtra.in/data-center-bangalore | N84: =IF(AND(I84="Operational",OR(H84="operational_IT",H84="operational_critical",H84="operational_total",H84="combined")),G84,"") -> 14
A85: Nxtra Hoskote 2 (BLR3) | B85: Nxtra by Airtel | C85: Nxtra by Airtel | D85: Bengaluru | E85: Karnataka | F85: Southern | G85: 6 | H85: operational_IT | I85: Operational | K85: High | L85: https://www.nxtra.in/data-center-bangalore | N85: =IF(AND(I85="Operational",OR(H85="operational_IT",H85="operational_critical",H85="operational_total",H85="combined")),G85,"") -> 6
A86: Nxtra Bangalore DC2 | B86: Nxtra by Airtel | C86: Nxtra by Airtel | D86: Bengaluru | E86: Karnataka | F86: Southern | G86: 20 | H86: operational_IT | I86: Operational | K86: High | L86: https://www.nxtra.in/data-center-bangalore | N86: =IF(AND(I86="Operational",OR(H86="operational_IT",H86="operational_critical",H86="operational_total",H86="combined")),G86,"") -> 20
... A93: Nxtra NCR Hyperscale (NCR4) | B93: Nxtra by Airtel | C93: Nxtra by Airtel | D93: Noida | E93: Uttar Pradesh | F93: Northern | G93: 18 | H93: operational_IT | I93: Operational | K93: High | L93: https://www.nxtra.in/data-center-noida | N93: =IF(AND(I93="Operational",OR(H93="operational_IT",H93="operational_critical",H93="operational_total",H93="combined")),G93,"") -> 18
A94: Nxtra Manesar (NCR3) | B94: Nxtra by Airtel | C94: Nxtra by Airtel | D94: Manesar | E94: Haryana | F94: Northern | G94: 12.5 | H94: estimate | I94: Operational | K94: Low | L94: https://www.datacentermap.com/india/gurgaon/nxtra-manesar-i/ | M94: Third-party estimate | N94: =IF(AND(I94="Operational",OR(H94="operational_IT",H94="operational_critical",H94="operational_total",H94="combined")),G94,"")
A95: Nxtra Kolkata (KOL1) | B95: Nxtra by Airtel | C95: Nxtra by Airtel | D95: Kolkata | E95: West Bengal | F95: Eastern | G95: 10 | H95: operational_IT | I95: Operational | K95: High | L95: https://www.nxtra.in/data-center-kolkata-bhubaneshwar | N95: =IF(AND(I95="Operational",OR(H95="operational_IT",H95="operational_critical",H95="operational_total",H95="combined")),G95,"") -> 10
A96: Nxtra Bhubaneshwar (BBR1) | B96: Nxtra by Airtel | C96: Nxtra by Airtel | D96: Bhubaneswar | E96: Odisha | F96: Eastern | G96: 1.8 | H96: operational_IT | I96: Operational | K96: High | L96: https://www.nxtra.in/data-center-kolkata-bhubaneshwar | N96: =IF(AND(I96="Operational",OR(H96="operational_IT",H96="operational_critical",H96="operational_total",H96="combined")),G96,"") -> 1.8
A97: Nxtra Kokapet (HYD1) | B97: Nxtra by Airtel | C97: Nxtra by Airtel | D97: Hyderabad | E97: Telangana | F97: Southern | G97: 10 | H97: operational_IT | I97: Operational | K97: High | L97: https://www.nxtra.in/data-center-hyderabad | N97: =IF(AND(I97="Operational",OR(H97="operational_IT",H97="operational_critical",H97="operational_total",H97="combined")),G97,"") -> 10
A98: Nxtra Hyderabad new campus | B98: Nxtra by Airtel | C98: Nxtra by Airtel | D98: Hyderabad | E98: Telangana | F98: Southern | G98: 200 | H98: planned | I98: Under-construction | K98: Med | L98: https://www.datacenterdynamics.com/en/news/airtels-nxtra-plans-200mw-hyderabad-data-centers/ | M98: 40-acre | N98: =IF(AND(I98="Operational",OR(H98="operational_IT",H98="operational_critical",H98="operational_total",H98="combined")),G98,"")
A99: Nxtra Edge network (66 cities) | B99: Nxtra by Airtel | C99: Nxtra by Airtel | D99: Multiple | E99: Multiple | F99: Multiple | H99: edge | I99: Operational | K99: Med | L99: https://www.nxtra.in/ | M99: 120+ locations; not MW-rated | N99: =IF(AND(I99="Operational",OR(H99="operational_IT",H99="operational_critical",H99="operational_total",H99="combined")),G99,"")
A100: AdaniConneX Chennai 1 (MAA) | B100: AdaniConneX | C100: AdaniConneX | D100: Chennai | E100: Tamil Nadu | F100: Southern | G100: 33 | H100: operational_IT | I100: Operational | K100: High | L100: https://www.adaniconnex.com/data-centers | M100: Phase1 live Oct2022 | N100: =IF(AND(I100="Operational",OR(H100="operational_IT",H100="operational_critical",H100="operational_total",H100="combined")),G100,"") -> 33
A101: AdaniConneX Hyderabad Campus | B101: AdaniConneX | C101: AdaniConneX | D101: Hyderabad | E101: Telangana | F101: Southern | G101: 600 | H101: planned | I101: Under-construction | K101: Med | L101: https://www.adaniconnex.com/data-centers | M101: Ph1 live Oct2024 | N101: =IF(AND(I101="Operational",OR(H101="operational_IT",H101="operational_critical",H101="operational_total",H101="combined")),G101,"")
A102: AdaniConneX Noida Campus | B102: AdaniConneX | C102: AdaniConneX | D102: Noida | E102: Uttar Pradesh | F102: Northern | G102: 150 | H102: planned | I102: Under-construction | K102: Med | L102: https://www.adaniconnex.com/data-centers | M102: Ph1 live Jan2025 | N102: =IF(AND(I102="Operational",OR(H102="operational_IT",H102="operational_critical",H102="operational_total",H102="combined")),G102,"")
A103: AdaniConneX Navi Mumbai Campus | B103: AdaniConneX | C103: AdaniConneX | D103: Navi Mumbai | E103: Maharashtra | F103: Western | G103: 1000 | H103: planned | I103: Announced | K103: Med | L103: https://www.adaniconnex.com/data-centers | N103: =IF(AND(I103="Operational",OR(H103="operational_IT",H103="operational_critical",H103="operational_total",H103="combined")),G103,"")
A104: AdaniConneX Pune Campus | B104: AdaniConneX | C104: AdaniConneX | D104: Pune | E104: Maharashtra | F104: Western | G104: 250 | H104: planned | I104: Announced | K104: Med | L104: https://www.adaniconnex.com/data-centers | N104: =IF(AND(I104="Operational",OR(H104="operational_IT",H104="operational_critical",H104="operational_total",H104="combined")),G104,"")
A105: AdaniConneX/Google Vizag AI Campus | B105: AdaniConneX + Google | C105: AdaniConneX | D105: Visakhapatnam | E105: Andhra Pradesh | F105: Southern | G105: 1000 | H105: planned | I105: Under-construction | K105: Med | L105: https://www.adani.com/newsroom/media-releases/adani-and-google-partner | M105: Google $15B; also under Google brand | N105: =IF(AND(I105="Operational",OR(H105="operational_IT",H105="operational_critical",H105="operational_total",H105="combined")),G105,"")
A106: Reliance Jamnagar AI DC | B106: Reliance / Jio | C106: Reliance / Jio | D106: Jamnagar | E106: Gujarat | F106: Western | G106: 120 | H106: planned | I106: Under-construction | K106: Med | L106: https://about.fb.com/news/2026/06/meta-partners-with-reliance-on-ai-enabled-data-center-in-india/ | M106: +168MW Meta lease; up to 3GW plan | N106: =IF(AND(I106="Operational",OR(H106="operational_IT",H106="operational_critical",H106="operational_total",H106="combined")),G106,"")
...

Sheet Summary
A1: India Datacenter Facilities — Coverage Summary (v0)
A2: Assembled 2026-09-14 from operator disclosures + trade press + public directories (4 parallel web sweeps). Counts/sums are live formulas over the Facilities tab.
A4: Counts by status
A5: Total rows in dataset | B5: =COUNTA(Facilities!A2:A500) -> 194
A6: Operational | B6: =COUNTIF(Facilities!I2:I500,"Operational") -> 129
A7: Under-construction | B7: =COUNTIF(Facilities!I2:I500,"Under-construction") -> 37
A8: Announced | B8: =COUNTIF(Facilities!I2:I500,"Announced") -> 24
A9: Uncertain | B9: =COUNTIF(Facilities!I2:I500,"Uncertain") -> 4
A10: Rows with a disclosed MW figure | B10: =COUNT(Facilities!G2:G500) -> 134
A12: Disclosed capacity (MW)
A13: Operational disclosed MW (IT/critical/total/combined) | B13: =SUM(Facilities!N2:N500) -> 1373.42
A14: of which Operational IT-only MW | B14: =SUMIFS(Facilities!G2:G500,Facilities!I2:I500,"Operational",Facilities!H2:H500,"operational_IT") -> 812.12
A15: of which Operational critical-IT MW | B15: =SUMIFS(Facilities!G2:G500,Facilities!I2:I500,"Operational",Facilities!H2:H500,"operational_critical") -> 172.9
A16: Announced/under-construction pipeline MW (planned) | B16: =SUMIFS(Facilities!G2:G500,Facilities!H2:H500,"planned") -> 8648
A18: Facilities by CEA grid region (excl. cloud regions/parks)
A19: Western (MH/GJ/MP) | B19: =COUNTIFS(Facilities!F2:F500,"Western",Facilities!H2:H500,"<>region",Facilities!H2:H500,"<>park",Facilities!H2:H500,"<>edge") -> 77
A20: Southern (TN/TG/KA/AP/KL) | B20: =COUNTIFS(Facilities!F2:F500,"Southern",Facilities!H2:H500,"<>region",Facilities!H2:H500,"<>park",Facilities!H2:H500,"<>edge") -> 60
A21: Northern (UP/DL/HR/RJ/PB/CH) | B21: =COUNTIFS(Facilities!F2:F500,"Northern",Facilities!H2:H500,"<>region",Facilities!H2:H500,"<>park",Facilities!H2:H500,"<>edge") -> 30
A22: Eastern (WB/BR/OD) | B22: =COUNTIFS(Facilities!F2:F500,"Eastern",Facilities!H2:H500,"<>region",Facilities!H2:H500,"<>park",Facilities!H2:H500,"<>edge") -> 12
A23: North-Eastern (AS) | B23: =COUNTIFS(Facilities!F2:F500,"North-Eastern",Facilities!H2:H500,"<>region",Facilities!H2:H500,"<>park",Facilities!H2:H500,"<>edge") -> 1
A25: Rows by operator family (top operators)
A26: STT GDC India | B26: =COUNTIF(Facilities!C2:C500,"STT GDC India") -> 34
A27: Nxtra by Airtel | B27: =COUNTIF(Facilities!C2:C500,"Nxtra by Airtel") -> 25
A28: CtrlS | B28: =COUNTIF(Facilities!C2:C500,"CtrlS") -> 25
A29: NTT Global Data Centers | B29: =COUNTIF(Facilities!C2:C500,"NTT Global Data Centers") -> 16
A30: Sify | B30: =COUNTIF(Facilities!C2:C500,"Sify") -> 16
A31: Web Werks / Iron Mountain JV | B31: =COUNTIF(Facilities!C2:C500,"Web Werks / Iron Mountain JV") -> 10
A33: Cloud regions (region-level, not single facilities) | B33: =COUNTIF(Facilities!H2:H500,"region") -> 10

Sheet Notes & Method
A1: India Datacenter Facilities v0 — method, dedup rules & caveats
A3: What this is
A4: A first, openly-sourced, facility-level list of India datacenters, assembled 2026-09-14 from operator websites, trade press (DataCenterDynamics, w.media), and public directories (DataCenterMap, Baxtel). Every row carries its source_url and a confidence flag. This is the DERIVE facility layer for the paper's S0 join — a curated set, disclosed as such, NOT a purchased commercial dataset.
A6: Deduplication rules applied
A7: Web Werks = Iron Mountain: the Web Werks facilities and Iron Mountain India are the SAME JV; listed once under Iron Mountain branding.
A8: Digital Connexion = Digital Realty + Brookfield + Reliance/Jio: listed once under 'Digital Connexion'; may appear elsewhere under Digital Realty.
A9: Google Vizag = AdaniConneX Vizag: the same campus (Google $15B + AdaniConneX build); listed once (AdaniConneX row), not double-counted under Google.
A10: Meta Jamnagar = Reliance Jamnagar: Meta leases capacity in Reliance's Jamnagar campus; listed once (Reliance row).
A11: Tata Communications legacy sites = STT GDC India: the former Tata Comms DC business is now STT GDC India; only the authoritative STT GDC rows are kept; the legacy directory rows were dropped.
A12: TCS HyperVault (OpenAI partner) is a DISTINCT Tata Group entity from STT GDC — kept as one separate announced row.
A14: Capacity caveats (read before summing)
A15: capacity_basis tags what each MW figure means: operational_IT / operational_critical / operational_total / combined / planned / region / park / edge / estimate.
... A25: Aggregate cross-checks (for coverage %): DataCenterMap ~303-305 facilities; CEEW (Jan 2026) ~271 DCs / ~1.5GW; Savills ~1.5GW operational end-2025; CBRE ~1,700MW operational end-2025; Arizton 142 existing + 110 upcoming.
